rank_60d,ticker,contract,exchange,last_date,last_close,volatility_20d_pct,volatility_60d_pct,volatility_126d_pct,atr_14_pct,mean_abs_return_60d_pct,max_abs_return_60d_pct,max_drawdown_126d_pct,avg_dollar_volume_20d_m,bybit_turnover_24h_usdt,bybit_open_interest_usdt,bybit_spread_bps,bybit_funding_rate_pct
1,AXTI,AXTIUSDT,NASDAQ,2026-08-21,70.73999786376953,201.91653552171988,169.68268571423,173.44126586769548,14.787317036797024,8.632220575617715,28.738819925723135,-73.74849056307346,954.3958499386788,829008.9067,1781810.78,2.9638411381144083,0.016122
2,AEHR,AEHRUSDT,NASDAQ,2026-08-21,101.7300033569336,157.15959664251838,151.302413184403,141.17339640795376,13.5368697618956,7.632407225899798,27.85677725146527,-43.90118330873314,267.10738033931733,138904.8396,213863.21,21.37948587426763,-0.0007869999999999999
3,AAOI,AAOIUSDT,NASDAQ,2026-08-21,124.81999969482422,157.12830561091326,146.9985766134609,159.82762795267058,12.870343975030767,7.573871390191337,19.435628324361076,-65.70148160033573,1642.8811790192033,1057465.2264,1315579.85,4.521000045211029,0.0
4,SNDK,SNDKUSDT,NASDAQ,2026-08-21,1596.0799560546875,148.251686247145,138.89265173603525,117.74635367999129,9.678440353879001,7.063557979136746,25.99395037665051,-56.4929329915016,23481.94810663208,63507920.3112,25874481.82,0.06522455182573894,0.051335
5,000660.KS,SKHYNIXUSDT,KRX,2026-08-24,1671000.0,149.4177411226151,127.71807745367613,111.56492981603101,10.072886345097709,6.190804079293978,29.954614220877463,-54.71051730044536,8871613.68005,55444157.4785,22902691.24,0.08285999560834488,-0.012046
6,042700.KS,HANMIUSDT,KRX,2026-08-24,209000.0,117.16705941438632,127.03505576745624,121.47379446602334,8.654717216644473,5.910777826237066,29.879518072289144,-59.072039072039075,155299.16704,94736.7184,28802.41,19.131180525777093,0.0
7,FLNC,FLNCUSDT,NASDAQ,2026-08-21,11.34000015258789,88.96913826014944,126.47199506462957,119.31811963215442,10.139339453374888,5.686615718206692,43.80297047337305,-59.36940087930754,107.73308306229592,37408.888,357554.25,8.900756564307777,0.0
8,AMC,AMCUSDT,NYSE,2026-08-21,2.549999952316284,70.37445964534975,123.63899083308038,100.45523376563106,7.001128029905533,5.563472155001045,26.804121937581037,-39.22261219153016,72.25390710978031,233811.2469,28438.82,15.7170923379175,-0.018393
9,BE,BEUSDT,NYSE,2026-08-21,201.4499969482422,118.59876949188737,122.33798273484517,116.84725668305647,11.207736753913341,5.7937041937016005,26.485493201335885,-52.65288503392759,3452.0613392066193,708790.1844,732943.45,5.627893888618107,0.0
10,SMCI,SMCIUSDT,NASDAQ,2026-08-21,37.2400016784668,95.45936670553526,122.01797656438103,116.39864846961183,6.62575831328362,5.3484736497761505,27.977359996665896,-52.50149333579892,1873.5972565499305,218897.3359,723198.95,5.4734537493147295,0.0
11,066570.KS,LGELECTRONICSUSDT,KRX,2026-08-24,199800.0,84.6007284704409,121.19275777198928,110.98063291388418,7.144000721967096,5.435605189251024,29.933479643192197,-62.29299526292015,223874.17899273985,92416.7706,30000.64,17.314818021262596,0.0
12,POET,POETUSDT,NASDAQ,2026-08-21,8.25,101.49720473356905,119.75477066179138,174.9971592031631,8.859678924271927,5.7409182097919125,23.385012872139377,-69.0325718032855,101.88978992475509,506095.8839,228926.77,44.58756502353401,0.0
13,MRVL,MRVLUSDT,NASDAQ,2026-08-21,237.0399932861328,96.35237138831964,118.5930333445866,95.68390294021889,7.747358617065436,5.751795038490025,32.52063345268355,-48.34867016630264,5086.386033369522,1338515.8717,5016478.7,2.614151272220385,0.0
14,ASTS,ASTSUSDT,NASDAQ,2026-08-21,68.6500015258789,80.21732789370712,113.74720326733978,110.04388067489661,7.689591259811926,5.504086930403623,21.441568018431,-60.154782298841134,770.4615904215241,292861.3337,497676.4,25.348542458808872,0.000406
15,COHR,COHRUSDT,NYSE,2026-08-21,289.5199890136719,137.04253851572363,112.83648031911196,98.31708223448766,11.170612512336694,5.496758023246065,17.632962752323998,-47.98425930983051,2436.316324787903,559349.5022,842173.9,5.412329286114999,0.0053820000000000005
16,ALAB,ALABUSDT,NASDAQ,2026-08-21,284.9700012207031,107.06624776840582,111.18941563550548,100.95658008274873,10.377844079808336,5.409325655667748,20.00079917096398,-48.29613449266689,1474.004727680664,48967.9785,561151.32,24.93630400607136,0.019497
17,005930.KS,SAMSUNGEMUSDT,KRX,2026-08-24,257000.0,129.95182880735126,110.01870825749629,94.60084025000879,8.454370698003943,5.495940408948218,26.811594202898558,-42.833575022000524,7578115.49685,34629.3601,68746.17,47.411261223462084,0.0
18,CRWV,CRWVUSDT,NASDAQ,2026-08-21,87.8499984741211,138.11461777323132,108.32559431554796,99.23078299926605,9.177631233585926,5.11808050258735,21.50608664367981,-55.92114684876359,2992.4925073101426,305204.4643,1119981.08,3.4792693534359107,0.005163
19,FLY,FLYUSDT,NASDAQ,2026-08-21,24.450000762939453,86.05295371097776,105.79736172119598,110.2967729917532,8.344781670020451,5.072666514807833,19.050033772231856,-69.6650234041823,77.4533176511383,146006.3485,179588.31,12.322858903266024,0.0
20,MU,MUUSDT,NASDAQ,2026-08-21,966.780029296875,97.17104651990284,104.78674390042644,93.95082660948843,6.903269568490819,5.0447386607180285,18.357235878826963,-39.095418440023124,34550.770407652584,10547094.9106,14554281.47,1.0680907877159846,0.0
21,WDC,WDCUSDT,NASDAQ,2026-08-21,459.4400024414063,100.70769664896892,103.83011917279839,87.02251079259064,9.388251075576134,5.225013847426997,16.094370134809054,-41.800785393242975,4157.819676139221,677523.3762,1734058.55,5.355947333184759,0.071548
22,CRDO,CRDOUSDT,NASDAQ,2026-08-21,230.57000732421875,108.51675115994644,103.17535753152174,102.01130946992262,9.532777685326312,5.461729890332239,13.316430143250324,-41.342720020982604,1149.7876728568267,141253.6374,820177.62,11.552988224839781,-0.033481
23,LITE,LITEUSDT,NASDAQ,2026-08-21,866.7100219726562,119.8540491885814,102.80447965345101,102.7492210589098,9.344042156206887,5.433084972692317,15.089236877618205,-42.801660338988,4384.901667990417,488765.6609,1370356.67,2.658160552897725,0.0
24,TSEM,TSEMUSDT,NASDAQ,2026-08-21,222.58999633789065,108.08490553978191,100.51489433736684,94.82698982964878,9.297500169560259,5.068715624904831,12.414825265578777,-40.71642962931713,474.83804007873533,343994.6334,94293.08,9.117016912065854,0.0
25,GLW,GLWUSDT,NYSE,2026-08-21,149.83999633789062,89.36015693274939,99.80982002101698,88.02973668027718,7.75250655425935,4.986241101228677,15.670662253525336,-51.484218441358486,2007.1777734077455,106435.1244,422962.67,6.21139445805607,0.0
26,603986.SS,GIGADEVICEUSDT,SSE,2026-08-24,382.5,89.24063981001855,99.187872999006,84.59142357171142,8.735097502692305,5.183510710908785,10.000744666469608,-59.4357154482887,23669.5258833566,111349.9672,468146.09,16.531658125310205,0.0
27,ONDS,ONDSUSDT,NASDAQ,2026-08-21,8.710000038146973,96.01623177043068,98.87634014020438,93.99811626350612,7.645738112235599,4.602021007697448,22.6851830184869,-51.95139814414135,656.0780110675382,80796.3896,501926.23,12.800372374470252,0.0
28,ARM,ARMUSDT,NASDAQ,2026-08-21,243.32000732421875,87.99858756594928,98.32177019142428,93.86492836277999,8.589066018481248,4.867556142886201,17.359658840383084,-48.825830846393025,1367.4459854187012,402929.7904,1371483.22,12.587588637602607,0.042126000000000004
29,TER,TERUSDT,NASDAQ,2026-08-21,375.739990234375,86.45504494038454,96.3237127758889,89.33105320342518,7.665579977520618,4.7831438750479505,14.426594672661452,-33.98437374345365,1325.6367594737244,928402.2424,945359.95,17.474879860200588,0.24307199999999998
30,DELL,DELLUSDT,NYSE,2026-08-21,442.0799865722656,82.66155698033253,95.48031191863413,84.41602151014311,6.8790049636196695,4.41999490565256,32.758240852375465,-20.630525182459436,2566.2014480331422,1543783.6846,1377948.72,3.662081435536495,0.0
31,USAR,USARUSDT,NASDAQ,2026-08-21,19.26000022888184,95.96710262470607,94.37591462250286,99.70585681287206,7.430788734256005,4.831353358143498,17.08487454960005,-57.42671214978563,224.20886359093666,1139778.234,363682.62,10.62699256110498,0.0
32,HIMS,HIMSUSDT,NYSE,2026-08-21,33.779998779296875,105.83484894486878,91.15273796526743,102.75246503999358,7.002737835249037,4.39560664326747,14.733969098870137,-34.69174295397093,432.0743881897736,32940.4796,159336.3,23.988005997000986,0.0
33,RDDT,RDDTUSDT,NYSE,2026-08-21,153.2899932861328,115.98017693213296,91.0667443181921,77.07984979379438,7.1860114710630585,4.0709132540163155,20.989663292746364,-30.796479946744736,1468.5927351218415,13917.1632,237075.0,11.107118356145666,0.0
34,CLS,CLSUSDT,NYSE,2026-08-21,296.54998779296875,98.15611622158616,90.99726961015027,80.92657256503072,7.906414449446107,4.447979812216009,13.295294323508532,-37.2248112564644,1137.0043869729614,,,,
35,300308.SZ,ZHONGJIUSDT,SZSE,2026-08-24,872.3400268554688,109.55678598042842,90.78810896654477,75.87769176790832,9.045991512019567,4.359349390191399,15.687034616401274,-37.496833066835556,38382.523858624845,189514.4634,79230.83,13.07943835353075,0.097674
36,ON,ONUSDT,NASDAQ,2026-08-21,74.20999908447266,53.72992488341956,88.13502762758874,76.24944855695016,5.95418734056716,3.9006454448359054,23.656726329166933,-44.590455355193825,791.6292510671616,227799.665,146472.57,26.270307639128617,-0.315529
37,IONQ,IONQUSDT,NYSE,2026-08-21,44.86000061035156,91.39930936906178,88.10407842912682,94.5174192671114,6.863397525224681,4.462441984576427,13.524222338624249,-55.612598991844365,862.6361164393998,265634.5875,383302.31,15.95805311751973,0.0
38,APLD,APLDUSDT,NASDAQ,2026-08-21,27.209999084472656,103.9822958990615,87.67797888579139,97.49066617405802,9.13398554018871,4.170710638845635,20.45650361956788,-53.23263121905122,551.2084122190571,90087.4504,156237.67,52.316890881912194,0.0
39,LRCX,LRCXUSDT,NASDAQ,2026-08-21,314.0,88.59654854140909,86.78669529276767,73.40033584717884,6.57980902203818,4.221568340959983,17.97899505442313,-41.76493344029593,3209.7145865794373,446500.3446,237978.15,19.17670193229568,0.016966
40,STX,STXXUSDT,NASDAQ,2026-08-21,850.0,84.16404718299182,86.66181889568473,76.78526375309019,8.183053119350694,4.338573035430734,12.235698947670937,-31.81039728717875,4444.797662694397,1732964.9605,240846.38,4.117568696789893,0.153806
41,KLAC,KLACUSDT,NASDAQ,2026-08-21,183.9900054931641,68.77828668928507,86.46708947964535,69.84328395530986,6.322200344741099,4.130181582298676,12.923529911205955,-43.59152270352884,2237.863401486511,1541796.9701,332120.41,20.429009193054387,0.005896
42,AMAT,AMATUSDT,NASDAQ,2026-08-21,492.3200073242188,82.60146713890667,86.09661557587826,70.009799949735,6.576289951057282,4.269374906242217,14.966201575955518,-39.633472686801866,4096.059295996704,171662.7298,960595.78,13.029854913599557,0.0
43,INTC,INTCUSDT,NASDAQ,2026-08-21,90.06999969482422,73.311687441806,84.4263383396489,84.81734353691097,7.217874069983051,4.192768260904081,11.29702040825833,-41.904359418853865,10889.405917167893,2671255.0989,8022555.91,1.1264432554215844,0.02769
44,035420.KS,NAVERUSDT,KRX,2026-08-24,223500.0,74.39445753152968,84.36542930687465,67.9175975570511,5.770404496527306,3.975620659454984,16.025641025641036,-34.688057040998224,292292.03455,28843.8341,15790.17,26.5260170876905,0.0
45,CIEN,CIENUSDT,NYSE,2026-08-21,395.7900085449219,86.92535750411642,81.86603406092382,80.39018979811236,7.639264466663144,3.96236236814139,13.659588777882092,-47.30941066711522,876.472503883667,178103.1294,112781.92,25.305342525886804,-0.021914999999999997
46,RIVN,RIVNUSDT,NASDAQ,2026-08-21,16.969999313354492,59.27000913807201,81.51851344817162,66.66035772217371,4.869260874055754,3.846968366763438,18.123136688903298,-27.282977536830167,369.895379260416,37684.9206,70554.06,23.405500292568256,0.0
47,WEN,WENSTOCKUSDT,NASDAQ,2026-08-21,9.010000228881836,72.54624947156503,81.0303042156371,67.00243121840218,4.641423072346053,3.4656972377340183,25.559102973361412,-23.26911730085114,81.01604377332687,463159.0511,186235.18,27.853601470670554,0.0
48,SNOW,SNOWUSDT,NYSE,2026-08-21,332.7799987792969,37.18606267548816,78.61271594995696,70.9917426377736,3.96008596289522,2.7350542093538617,36.48294216904835,-33.76175725439266,1543.2801410557556,653645.3237,835482.05,13.857091215808516,0.0
49,IBM,IBMUSDT,NYSE,2026-08-21,235.67999267578125,29.43087612632998,77.71699150308949,63.827043580205924,3.420381852679913,2.708129345649468,25.207595513952274,-37.49962073015676,1527.9125418123626,34568.1764,733360.49,10.573283427435557,0.0
50,AMD,AMDSTOCKUSDT,NASDAQ,2026-08-21,473.25,79.47117743044373,77.14424093143715,74.55754283329998,6.001027077191011,3.9639330037103195,12.997024259045054,-26.053946839070953,12802.788923010101,299910.6632,1980088.02,12.90627890468762,0.020177
51,VRT,VRTUSDT,NYSE,2026-08-21,261.95001220703125,91.21723693514379,76.90322725773783,68.10648941356288,6.396435545006068,3.543317682322695,17.25775511715121,-40.70478121394739,1684.7791418724823,353963.6993,131914.65,13.203883495146867,0.157139
52,APP,APPSTOCKUSDT,NASDAQ,2026-08-21,305.7699890136719,90.14537481535535,75.69964673291781,73.89454789566034,6.6820514169925085,3.2676449450549927,19.657725410449768,-50.50350273365291,2622.0356086720276,960976.6819,442257.1,22.655262423456325,0.0
53,HPE,HPEUSDT,NYSE,2026-08-21,53.45000076293945,55.22610866299827,73.69995765638637,62.16405943954406,5.474562291883781,3.4963267865266836,19.46809014633175,-26.356855988373763,870.7102269613457,273428.0473,269854.7,22.75744358050397,0.0
54,NOK,NOKIAUSDT,NYSE,2026-08-21,10.210000038146973,61.95221141196928,73.21658212969967,68.5041898697579,5.6338528055608625,3.640195683181853,13.477741345865068,-50.08902280702172,805.0400630397844,222401.7079,389834.74,6.912556164520268,0.0
55,FLEX,FLEXUSDT,NASDAQ,2026-08-21,110.4499969482422,70.96138864059876,72.870949967475,80.1841958717739,6.816243523768612,3.5704768280895403,10.85781169900798,-36.43487876385644,525.3277322804641,232559.4947,140898.17,45.84211973961676,0.0
56,0981.HK,SMICUSDT,HKEX,2026-08-24,66.69999694824219,63.251013080983455,72.37819257282547,65.76996122383316,6.807206778657283,3.6713099320054496,10.224273994696453,-30.64877075863063,6922.349422512634,406738.259,64674.88,11.567379988432375,0.0
57,NOW,NOWUSDT,NYSE,2026-08-21,128.47999572753906,55.01770278303214,70.07653668990103,67.89128732376382,4.877060889377195,3.445092147027863,14.384253570108175,-34.10864401523812,2548.853937591133,298403.3645,1422656.91,4.6511627906978505,0.036266
58,ORCL,ORCLUSDT,NYSE,2026-08-21,146.47000122070312,56.7523921582298,68.235881182327,60.55797776376613,4.811696100516703,3.443218429834275,10.83946879448343,-53.49988155896905,4067.0390775470732,234489.1136,2250593.22,3.4058785463718104,0.006425
59,005380.KS,HYUNDAIUSDT,KRX,2026-08-24,414000.0,68.07380552726623,66.62799920131569,76.34367329377434,6.073126239500352,3.1616063615029026,12.048192771084343,-53.2,271424.92255,82276.3245,314742.29,4.366005608637821,0.0
60,QCOM,QCOMUSDT,NASDAQ,2026-08-21,160.75,47.27331291370463,62.72284078222642,64.69814059620427,4.358216638725237,3.123101378585356,10.978275994038643,-40.978730725654366,1792.0007011197663,64806.2794,979701.74,13.82778126964166,0.03624
61,1024.HK,KUAISHOUUSDT,HKEX,2026-08-24,33.20000076293945,50.696515260670424,62.71286075211844,56.818685667560786,5.62906249744477,2.82022956985379,12.043480251146399,-50.772604593737356,2167.6041741536856,99017.046,142913.44,47.16981132075371,0.0
62,SHOP,SHOPUSDT,NASDAQ,2026-08-21,149.25,80.42791980119392,62.68274320432128,62.83301779104652,4.295081588256569,2.91854539350991,16.98296992954351,-29.406539916570086,1576.7445083504106,121743.2229,877249.48,46.688454612151574,0.024494000000000002
63,NET,NETUSDT,NYSE,2026-08-21,293.1400146484375,58.07385029289925,59.309510619243525,72.81226151778267,5.616454759383842,2.946324659538344,11.99239067142961,-27.259633525244233,1220.9259273381042,343164.3908,88334.16,27.71931625686574,0.0
64,GEV,GEVUSDT,NYSE,2026-08-21,956.8499755859376,53.30050766490967,58.71353602489917,53.90204619271623,5.221873715231222,2.862847881909153,9.074948739636412,-24.570042034006924,2284.0575091589358,742429.3465,237083.28,11.188870240771244,0.191466
65,TSLA,TSLAUSDT,NASDAQ,2026-08-21,362.8599853515625,36.90630604006237,58.18450811690783,49.53803528972628,3.81941188977447,2.590542327461054,14.523677416617442,-33.002444654975626,11524.761084385682,2364171.6647,8470502.95,0.5520744196312644,0.0
66,CRWD,CRWDUSDT,NASDAQ,2026-08-21,191.9499969482422,51.42771583191026,56.62778926461275,54.54109508153133,4.865109556838673,2.726751800103954,12.144107083550226,-17.54605689721782,1554.3949127170563,533998.1785,500283.24,29.35318167522813,0.0
67,AVGO,AVGOUSDT,NASDAQ,2026-08-21,368.4500122070313,44.587456583785496,56.530457612964454,48.89381927929385,4.14701361121374,2.6418960225012302,12.586861258932958,-25.03260679634234,7829.2220772085575,459218.0164,2062090.57,2.188782489741202,0.0
68,ASML,ASMLUSDT,NASDAQ,2026-08-21,1763.760009765625,48.836252810148686,56.470262871413624,52.781934964659605,3.804507978423671,2.7911390858902245,9.531253369893466,-21.95313939004605,2652.962809443359,80197.5158,742712.12,17.43926789158208,0.0
69,PANW,PANWUSDT,NASDAQ,2026-08-21,357.8699951171875,44.935874696120784,53.59325773685305,48.97432768030869,4.3029861882052165,2.7201684239156054,9.279595937161522,-13.385177616020593,2016.3526870539856,942404.171,292555.26,12.845932586779288,0.0
70,ADBE,ADBEUSDT,NASDAQ,2026-08-21,275.29998779296875,51.59044464791507,53.04345388735121,46.82084932516263,4.018836178341174,2.700098275862024,7.360002002147259,-31.806640225702274,1302.4639200441743,57055.2325,319406.29,7.598646717205014,0.0
71,AAL,AALUSDT,NASDAQ,2026-08-21,13.81999969482422,47.136664588258036,51.76756946768574,52.11475111182933,4.097137357956349,2.5493221090088882,9.165421276033282,-26.97273592818956,856.301172379508,43313.8751,65867.49,21.606049693915114,0.0
72,CRM,CRMUSDT,NYSE,2026-08-21,209.1699981689453,46.77746644402848,51.428274419935136,47.12781917328743,3.8524542866484914,2.648980477889883,9.68079656802212,-28.193011538441326,2457.0677740562437,21029.9934,289534.15,12.835444843241673,0.0
73,1810.HK,XIAOMIUSDT,HKEX,2026-08-24,28.0,56.49569463209518,51.3799333186163,46.52656691756146,4.530642861676497,2.544504780901726,9.523804412382631,-41.411380547861874,5648.2801646939,445783.0671,131185.02,16.745743790119406,0.0
74,TXN,TXNUSDT,NASDAQ,2026-08-21,264.3599853515625,34.64660930713467,50.24136857153824,49.161334371584765,3.996608073760895,2.439036942481043,8.460285107939814,-20.03324752205985,1923.2752611979674,12759.3604,204568.65,47.21960957444836,0.0
75,TSM,TSMUSDT,NYSE,2026-08-21,418.9500122070313,38.665271344195666,49.34745467507249,45.5779412697407,3.2594466351730134,2.3205279183590553,7.644055596774724,-21.54657795053414,4983.554276552734,276053.2371,1627698.66,1.690596659863863,0.0
76,SPXC,SPCXUSDT,NYSE,2026-08-21,207.1999969482422,62.46133567813415,48.69501270749683,47.544531863755786,4.1757878099008705,2.2616587256208467,10.195680759800396,-23.846438412541005,100.61738875511169,11669062.1259,32643794.78,0.7421425655861743,0.0
77,META,METAUSDT,NASDAQ,2026-08-21,549.9000244140625,47.14985481383632,48.42950959747988,43.88162918560508,3.6839903587723155,2.1998628499169177,8.808961112881498,-21.642636781185153,9913.983846097412,588305.6728,4021961.84,1.086346435879472,0.047001999999999995
78,CAT,CATSTOCKUSDT,NYSE,2026-08-21,827.9000244140625,46.33530388232337,48.01261646381462,43.82881544998526,4.157652158463304,2.350579496248859,6.914426509053184,-26.362852609495157,2648.955943996582,463655.1943,116153.45,2.188609503428213,0.378656
79,3690.HK,MEITUANUSDT,HKEX,2026-08-24,82.80000305175781,26.326407654350508,47.1236395257403,47.258408822917666,4.035772252176146,2.320237305576639,9.26517571884984,-28.61111111111111,3761.3528996524415,67630.6166,26266.45,28.261893546868713,0.0
80,MSFT,MSFTUSDT,NASDAQ,2026-08-21,483.239990234375,56.848426536186544,45.90804133046558,37.063420820064586,2.5447672085356645,2.0120576740097635,15.506739165511707,-23.384438882974436,17143.975156228942,1433542.9598,8588880.82,0.2064047390526209,0.0
81,BABA,BABAUSDT,NYSE,2026-08-21,119.33999633789062,48.21653927687659,45.31127706017873,43.37901066665607,3.7976734680763977,2.049511042014207,11.045449393418828,-37.508506067946755,1460.8068174765015,400321.0471,1873558.09,6.07296230425482,0.0
82,VST,VSTUSDT,NYSE,2026-08-21,136.2100067138672,51.74077758411878,45.021968302004986,47.98696500212945,4.440884332644392,2.2283400175295722,8.150574910143993,-23.71125501001332,702.1161172260285,74618.4849,187565.24,27.097293932401485,0.0
83,ZM,ZMUSDT,NASDAQ,2026-08-21,107.43000030517578,35.06054657554371,44.259675583810974,48.00525795220233,3.2880502747207405,2.164673857332076,9.873025662223078,-25.920629881955094,294.78222437625885,251314.5219,111908.37,15.772138980377761,0.0
84,AMZN,AMZNUSDT,NASDAQ,2026-08-21,258.6300048828125,59.589584733827316,43.716143164198776,36.519296419726444,2.892852088635585,1.8492877010231514,15.320588778032107,-17.578820340584123,12559.423800824967,295431.5079,2700306.28,0.7736943907149636,0.016311
85,0700.HK,TENCENTUSDT,HKEX,2026-08-24,441.7999877929688,33.89661912245602,43.701319760776144,39.12440852291916,3.206618763749605,2.111860707471618,10.458716996219186,-25.407724420347844,12299.85347296066,20178.8001,217860.19,15.941900628820019,0.0
86,XPEV,PENGSTOCKUSDT,NYSE,2026-08-21,12.1899995803833,39.31289786289,43.52754028318313,48.37050379493593,3.4733895572163553,2.2859031303885273,5.872622243060888,-41.861621620389975,79.49221635964871,667119.0815,126840.52,9.762764814996439,0.044757
87,UBER,UBERUSDT,NYSE,2026-08-21,78.80000305175781,44.46728028873766,42.150297509712395,38.3070701508641,3.472013542428215,2.024162966548075,6.456641611390457,-16.710870321490766,1483.1034289961624,14097.1858,336212.81,21.572235264260097,0.0
88,NVDA,NVDAUSDT,NASDAQ,2026-08-21,214.72000122070312,38.268429814969785,40.17205733802466,38.65653275214386,2.916940899769385,2.007526419450299,6.26124588791841,-19.30455500291869,24671.416342235716,9559747.2803,8300536.92,0.4648460197555331,0.0
89,BIIB,BIIBUSDT,NASDAQ,2026-08-21,216.77999877929688,30.2260198855898,40.145663395203876,36.77206995990792,2.981150398050187,1.8989338729356087,8.171076845811264,-12.22369382074211,200.79141160446167,179705.3089,21745.79,15.439106348196121,0.0
90,CSCO,CSCOUSDT,NASDAQ,2026-08-21,111.04000091552734,42.431457200738926,39.86725712416109,38.54859813455335,3.430921471205918,1.8616892685443107,8.403290493637472,-15.38463985375934,2671.8541606542967,6658.2584,471099.6,6.342015855039019,0.0
91,GOOGL,GOOGLUSDT,NASDAQ,2026-08-21,344.82000732421875,38.864579493809515,38.06530170029643,35.63486037016701,2.7099169248761235,1.7521239255504097,7.13262420932762,-21.047203234359312,9349.00859669342,2194517.3446,11442920.96,0.2908710132489101,0.0
92,SPOT,SPOTUSDT,NYSE,2026-08-21,533.719970703125,44.833432538611,37.11306725133915,46.92157703474974,4.067841774419636,1.9196186830064184,4.851065670745269,-26.072650831154355,1081.8069294256593,258143.7831,109655.98,16.57957731392193,0.0
93,9992.HK,POPMARTUSDT,HKEX,2026-08-24,155.60000610351562,30.22521123568465,36.74582946308173,55.59218144469632,3.86241861262779,1.7883258484862965,7.368417273364947,-43.550951427218095,2067.6139310748017,250302.4727,111071.66,40.424456796360936,0.0
94,GME,GMESTOCKUSDT,NYSE,2026-08-21,18.209999084472656,50.460070934711275,36.74457282451339,38.42184146884152,2.761346718778852,1.4040532452568202,12.246776848545348,-32.34074520030072,137.34402186824798,93170.579,168182.95,16.415868673049296,0.0
95,NFLX,NFLXUSDT,NASDAQ,2026-08-21,79.58999633789062,32.07856596868853,36.375919429885215,39.630292109150695,2.953446900021074,1.648872720668187,7.262947729257152,-37.28546442160463,2521.4498380949785,342442.1132,635738.25,11.287389477645124,0.0
96,LLY,LLYUSDT,NYSE,2026-08-21,1255.4000244140625,40.015453730378816,35.20642597719527,36.04579868164924,3.3296302163102616,1.7402537057569518,7.132282407336654,-19.58793721047124,3409.0532964642334,131887.5092,1221250.35,2.9428490755884167,0.0
97,TTWO,TTWOUSDT,NASDAQ,2026-08-21,239.6199951171875,38.610642892452674,34.212282263030644,32.85376691586064,3.3996595104563188,1.6572226246629167,6.354347576493136,-13.190890696871737,555.1786440942383,61602.9117,332420.41,12.848942034691062,0.0
98,AAPL,AAPLUSDT,NASDAQ,2026-08-21,309.3500061035156,33.273229934102105,33.036848675493516,27.62366414228919,2.4631615048758757,1.488780958218128,7.353858440208272,-12.706222175450266,16681.964298505707,717056.3766,3543940.68,2.251998648800591,0.025879
99,SONY,SONYUSDT,NYSE,2026-08-21,23.920000076293945,34.11782686381675,32.626724087241804,32.623208358223124,2.1694929286842366,1.6242663232570633,6.244048626663501,-16.218559660601116,130.18070205302237,686710.1394,110747.36,20.733982998134234,0.0
100,GE,GEUSDT,NYSE,2026-08-21,348.3699951171875,33.993112722392716,31.618456193420823,36.94515284848179,2.859618835663258,1.5650817845162412,5.028122726731676,-20.851491484155847,1319.3025533122254,193236.4292,135396.8,13.835245287370098,0.0
101,VRTX,VRTXSTOCKUSDT,NASDAQ,2026-08-21,548.0499877929688,33.8671102764144,31.53692857551334,30.46652538913281,2.923139659762664,1.5636096135275965,6.029992906337678,-15.211254913322614,678.3780320481873,120921.3931,61559.37,11.012321162612514,0.301956
102,EBAY,EBAYUSDT,NASDAQ,2026-08-21,104.12999725341795,41.015927168548096,31.11500217224868,32.922295429269525,3.2267216102246845,1.5258700036343467,6.034562541794896,-14.912711365934939,505.13798887462616,17499.823,76567.26,36.517393811262295,0.0
103,GILD,GILDUSDT,NASDAQ,2026-08-21,146.1199951171875,28.77712029890564,30.980688274478176,26.70893759495471,2.775392765297704,1.5293205262078942,5.2079314622431205,-18.569681870918043,912.698386303482,437936.3524,71244.19,6.149431177616303,0.0
104,WMT,WMTUSDT,NYSE,2026-08-21,103.6999969482422,39.07221607289947,29.656900601233243,28.34613306374014,2.8882583020137744,1.2331233986744923,9.151364100162251,-22.62295123072614,2910.517770223427,10581.97,162827.09,23.970468382952205,0.0
105,REGN,REGNUSDT,NASDAQ,2026-08-21,834.0399780273438,30.642766211146032,29.387578356673792,32.69320251018404,2.4348161452409105,1.376441769013241,6.171817829699866,-23.93151856747813,630.164070758667,389355.3326,54887.24,27.69535113748834,0.0
106,AMGN,AMGNUSDT,NASDAQ,2026-08-21,439.3299865722656,30.837873606908552,27.57771999034676,25.62174502397145,2.4869773239556374,1.357032361256514,4.835219248679223,-16.567908726245662,1120.525089363556,198990.7661,94456.38,35.29331915567526,0.0
107,XOM,XOMUSDT,NYSE,2026-08-21,165.11000061035156,24.908438036782197,25.928919367901905,28.24323791939765,2.2054004468679484,1.2514899456567636,4.410611269084597,-20.112257210148808,2250.8120724609375,205796.1472,91238.64,5.451076587626262,0.0
108,JNJ,JNJUSDT,NYSE,2026-08-21,270.239990234375,22.419692111470745,25.854469853354477,21.660660393950508,2.1692068427577937,1.3038365508578702,3.993792300019372,-10.95912130542429,1833.9082471659851,663940.5088,126257.05,19.764292511529916,0.0
109,PEP,PEPUSDT,NASDAQ,2026-08-21,143.47999572753906,19.03261699916267,23.35454136442444,21.677710243365123,1.8698174546538837,1.138205971031527,4.254069442594388,-18.941819396296367,969.3683267089081,301318.1886,49623.1,36.64396584505833,0.0
110,COST,COSTUSDT,NASDAQ,2026-08-21,947.739990234375,18.12689137911613,21.286232211881607,20.47893159043008,1.945425221784975,0.9911381507623276,4.213486334969141,-16.57193574527461,1778.241471795349,25048.6744,191958.57,10.210902506934753,0.0
